{
  "day": 11,
  "grass": 575.8418891210428,
  "rabbits": 204.84264669504574,
  "foxes": 46.52391396064094
}