{
  "day": 14,
  "grass": 464.1422327814357,
  "rabbits": 151.52814831405027,
  "foxes": 70.75705764488977
}