{
  "day": 23,
  "grass": 365.7095444956849,
  "rabbits": 94.72081260036285,
  "foxes": 57.18976903851184
}