{
  "day": 16,
  "grass": 430.1923042722048,
  "rabbits": 116.14833591961428,
  "foxes": 73.23355466246092
}