{
  "day": 12,
  "grass": 531.0047546856242,
  "rabbits": 231.8540018458626,
  "foxes": 53.502501054737074
}