{
  "day": 15,
  "grass": 444.67575332298105,
  "rabbits": 131.28430412287747,
  "foxes": 81.37061629162324
}