{
  "day": 4,
  "grass": 591.5812500000001,
  "rabbits": 91.60162499999998,
  "foxes": 17.490062499999997
}