{
  "day": 3,
  "grass": 571.4250000000001,
  "rabbits": 73.97249999999998,
  "foxes": 15.208749999999998
}