{
  "day": 5,
  "grass": 604.9385625000001,
  "rabbits": 113.83509374999998,
  "foxes": 20.113571874999995
}